movieId,title
1,Housefull 4
2,War
3,Bigil
4,Hotel Mumbai
5,Saand Ki Aankh
6,Ready Player One
7,Ghost
8,Jumanji: Welcome to the Jungle
9,Made in China
10,The Family Man
11,Sacred Games
12,The Sky Is Pink
13,Batla House
14,Arrival
15,Saaho
16,The Help
17,Bard of Blood
18,Mission: Impossible - Ghost Protocol
19,Slumdog Millionaire
20,Upstarts
21,Super 30
22,Red Dead Redemption II
23,Ghost in the Shell
24,Kaithi
25,Judgementall Hai Kya
26,The House with a Clock in Its Walls
27,Arctic Justice
28,The Girl on the Train
29,Lincoln
30,A Dog's Journey
31,Dangal
32,3 Idiots
33,Dredd
34,Mirzapur
35,Article 15
36,Flames
37,Andhadhun
38,Kabir Singh
39,Jallikattu
40,Asuran
41,Mission Mangal
42,A Dog's Purpose
43,Need for Speed
44,Bridge of Spies
45,I Am Number Four
46,Fittrat
47,Bahubali: The Beginning
48,Gully Boy
49,Grand Theft Auto V
50,Cowboys & Aliens
51,Sye Raa Narasimha Reddy
52,Watchman
53,Drive
54,Dabangg 3
55,Dream Girl
56,Tumbbad
57,Housefull 3
58,War Horse
59,The Happening
60,The Fall
61,Chhichhore
62,PK
63,Real Steel
64,Badla
65,Housefull
66,Malaal
67,Gandhi
68,Gangs of Wasseypur
69,Gandii Baat
70,The Hundred-Foot Journey
71,Taare Zameen Par
72,The River
73,Joker
74,The Way Back
75,Office Christmas Party
76,The Light Between Oceans
77,Student of the Year 2
78,Thalapathy 64
79,Ardab Mutiyaran
80,Uri: The Surgical Strike
81,TVF Pitchers
82,Sherlock Gnomes
83,Made in Heaven
84,The BFG
85,Stree
86,Pagalpanti
87,Jersey
88,Pather Panchali
89,Game Over
90,Housefull 2
91,Zero
92,Chhappad Phaad Ke
93,Captain Underpants: The First Epic Movie
94,Tanhaji: The Unsung Warrior
95,The Office
96,Bala
97,Bhram
98,Criminal Justice
99,Drishyam
100,K.G.F: Chapter 1
101,The Verdict - State Vs Nanavati
102,Delhi Crime
103,Geetha Govindam
104,Four More Shots Please
105,Thugs of Hindostan
106,Ghajini
107,The Tashkent Files
108,Badhaai Ho
109,Photograph
110,Zindagi Na Milegi Dobara
111,Bharat
112,Laal Singh Chaddha
113,Anand
114,Lagaan: Once Upon a Time in India
115,"Swades: We, the People"
116,K.G.F: Chapter 2
117,Kota Factory
118,Bigg Boss
119,Luka Chuppi
120,Breathe
121,Ujda Chaman
122,Vanity Fair
123,Super Deluxe
124,Magamuni
125,Marjaavaan
126,Mersal
127,Pink
128,Pariyerum Perumal
129,Raju Gari Gadhi 3
130,My Name Is Khan
131,Khandaani Shafakhana
132,Typewriter
133,Little Things
134,Baahubali 2: The Conclusion
135,The Breadwinner
136,Nerkonda Paarvai
137,The Fifth Estate
138,Darbar
139,Dabangg
140,De De Pyaar De
141,Nayakan
142,Rambo
143,2.0
144,Commando 3
145,Rang De Basanti
146,Sivappu Manjal Pachai
147,Jhootha Kahin Ka
148,Kama Sutra: A Tale of Love
149,Jestination Unknown
150,Dabba
151,Delivery Man
152,Oh Baby...
153,Evaru
154,Thank You for Your Service
155,Kesari
156,Secret Superstar
157,Padmaavat
158,Thadam
159,RRR
160,Munna Bhai M.B.B.S.
161,Gang Leader
162,Gong fu yu jia
163,Masaan
164,College Romance
165,Romeo Akbar Walter
166,Ratsasan
167,Section 375
168,Race 3
169,Leila
170,InMates
171,Maanagaram
172,Brother's Day
173,Dear Zindagi
174,Kalank
175,Bareilly Ki Barfi
176,Jodhaa Akbar
177,Arjun Reddy
178,Vikram Vedha
179,Tamasha
180,Drishyam
181,Jabariya Jodi
182,Ghoul
183,Inside Edge
184,Kumbalangi Nights
185,Manmarziyaan
186,October
187,Baby
188,Prassthanam
189,Hello Mini
190,Lucifer
191,Hera Pheri
192,Black Friday
193,Arjun Patiala
194,Kabhi Khushi Kabhie Gham...
195,Brahmastra
196,Lust Stories
197,Aadai
198,Sanju
199,Dil Dhadakne Do
200,Trapped
201,Baaghi 3
202,Barfi!
203,Love Sonia
204,Sholay
205,Fixerr
206,Viceroy's House
207,Paranoia
208,Queen
209,Karenjit Kaur - The Untold Story of Sunny Leone
210,Talvar
211,The Adventures of Rocky & Bullwinkle
212,'83
213,Guns and Thighs
214,The Extraordinary Journey of the Fakir
215,Kahaani
216,Vada Chennai
217,Hop
218,TVF Tripling
219,Peranbu
220,Mulan II
221,Bang Bang
222,B.A. Pass
223,Ittefaq
224,Ek Ladki Ko Dekha Toh Aisa Laga
225,Oththa Seruppu Size 7
226,Sonchiriya
227,Raazi
228,Joker
229,Dilwale Dulhania Le Jayenge
230,Haider
231,Kaaviyyan
232,Sarkar
233,96
234,Kick 2
235,Bypass Road
236,Ugly
237,Udta Punjab
238,Yeh Jawaani Hai Deewani
239,Don 2
240,Kal Ho Naa Ho
241,Dil Chahta Hai
242,Virus
243,Don
244,Anbe Sivam
245,Takht
246,One Night Stand
247,Permanent Roommates
248,Newton
249,Kaappaan
250,Street Fighter: The Legend of Chun-Li
251,Bajirao Mastani
252,Dabangg 2
253,Bachchan Pandey
254,Dev.D
255,P Se Pyaar F Se Faraar
256,Kanpuriye
257,The Namesake
258,Karwaan
259,Mohenjo Daro
260,Hirkani
261,Gold
262,Chopsticks
263,XXX: Uncensored
264,Dear Comrade
265,Don 3
266,Chal Mera Putt
267,Bride & Prejudice
268,Airlift
269,Dhoom:3
270,Bajrangi Bhaijaan
271,Shahid
272,Theri
273,The Good Lie
274,Dil Se..
275,Darkness Visible
276,Iss Pyaar Ko Kya Naam Doon
277,Raees
278,Baazaar
279,Jab We Met
280,Girls Hostel
281,Indian 2
282,Visaaranai
283,Kuch Kuch Hota Hai
284,Fan
285,Rockstar
286,Agent Sai Srinivasa Athreya
287,Mard Ko Dard Nahin Hota
288,The Other Side of the Door
289,Dhoom:2
290,Noblemen
291,Jab Harry Met Sejal
292,A Wednesday
293,Ascharyachakit!
294,Aiyaary
295,Wazir
296,Krrish 3
297,Apharan
298,Gumnaami
299,Laakhon Mein Ek
300,Pati Patni Aur Woh
301,Barot House
302,Comali
303,Lupt
304,Moothon
305,Ittymaani: Made in China
306,Ee. Ma. Yau
307,Om Shanti Om
308,Padman
309,Devdas
310,Kirket
311,Baaghi 2
312,Edakkad Battalion 06
313,24
314,Hera Pheri 3
315,Veer-Zaara
316,Officer Arjun Singh IPS
317,Roam Rome Mein
318,Goliyon Ki Rasleela Ram-Leela
319,Pihu
320,Sultan
321,Operation Gold Fish
322,Pailwaan
323,Kaabil
324,Sonu Ke Titu Ki Sweety
325,Simmba
326,Baaghi
327,Lage Raho Munna Bhai
328,The Lovers
329,Zhagaram
330,Chak De! India
331,Talaash
332,Chennai Express
333,Manmadhudu 2
334,Student of the Year
335,Bang Baaja Baaraat
336,Mamangam
337,ImMATURE
338,Ae Dil Hai Mushkil
339,Dilwale
340,Satya
341,Meru
342,Bangalore Days
343,Mission Over Mars
344,Jab Tak Hai Jaan
345,Krrish
346,Mahabharat
347,Race 2
348,OMG: Oh My God!
349,Pal Pal Dil Ke Paas
350,Goodachari
351,Rocketry: The Nambi Effect
352,Raja Rani
353,Kee
354,Love Games
355,Coldd Lassi Aur Chicken Masala
356,Yeh Meri Family
357,Piku
358,Vinaya Vidheya Rama
359,Monsoon Wedding
360,Angamaly Diaries
361,Highway
362,Pyaar Ka Punchnama
363,Happy New Year
364,Prithviraj
365,Sushi by Biswa Kalyan Rath
366,Alpha and Omega
367,Street Dancer 3D
368,Shaadi Mein Zaroor Aana
369,Kites
370,Inshallah
371,Te3n
372,Aladin
373,Mumbai Saga
374,Raman Raghav 2.0
375,Welcome Back
376,Go Goa Gone
377,Dum Laga Ke Haisha
378,Rab Ne Bana Di Jodi
379,Ek Villain
380,Aruvam
381,iSmart Shankar
382,Good Newwz
383,Satyameva Jayate
384,Panipat
385,English Vinglish
386,Rangasthalam
387,Love Aaj Kal 2
388,Welcome
389,Total Dhamaal
390,Kadaram Kondan
391,Mukkabaaz
392,Raabta
393,Tiger Zinda Hai
394,Namma Veettu Pillai
395,Water
396,Darbadar
397,Valimai
398,Guzaarish
399,Chintu Ka Birthday
400,Mogul: The Gulshan Kumar Story
401,Paan Singh Tomar
402,Axone
403,A Flying Jatt
404,Mulk
405,Krrish 4
406,Nasha
407,Life Mein Time Nahi Hai Kisi Ko
408,Dil Hi Toh Hai
409,Lovefucked
410,Judwaa 2
411,Kapoor & Sons
412,Naam Shabana
413,Dishoom
414,Love Per Square Foot
415,A Gentleman
416,Hindi Medium
417,Kaafir
418,Dhadak
419,Jawaani Jaaneman
420,Norm of the North
421,Mom
422,Lakshya
423,Kamasutra 3D
424,Parmanu: The Story of Pokhran
425,Delhi Belly
426,Aadya Rathri
427,Coolie No. 1
428,Adithya Varma
429,Pataakha
430,Marudhar Express
431,Raid
432,Tubelight
433,Rustom
434,The Final Call
435,Okka Kshanam
436,Shubh Mangal Saavdhan
437,Ragini MMS Returns
438,Manorama Six Feet Under
439,Petta
440,Hostages
441,Bhavesh Joshi Superhero
442,Uyare
443,Wanted
444,Manto
445,Neerja
446,Salaam Bombay!
447,Murder
448,Qarib Qarib Singlle
449,Special Chabbis
450,Badlapur
451,Kedarnath
452,Bose: Dead/Alive
453,Cocktail
454,Mohabbatein
455,Vikram Veda
456,Ra.One
457,Singh Is Kinng
458,Rocky Handsome
459,Ek Hasina Thi
460,Ramayana
461,Chanakya
462,Rooh-Afza
463,Mary Kom
464,Gaddalakonda Ganesh
465,Half Girlfriend
466,RejctX
467,Bekaaboo
468,"LSD: Love, Sex Aur Dhokha"
469,Heropanti
470,Secret of the Wings
471,Hichki
472,Missing
473,Junglee
474,Jagga Jasoos
475,Kolaiyuthir Kaalam
476,Jalebi
477,Tiger 3: Untitled Tiger Zinda Hai Sequel
478,The Foreigner
479,The House Next Door
480,Maheshinte Prathikaaram
481,Viswasam
482,Hellaro
483,Ragini MMS 2
484,Pyaar Ka Punchnama 2
485,Race
486,Bhaag Milkha Bhaag
487,Jolly LLB 2
488,Haraamkhor
489,Nikka Zaildar 3
490,Taarak Mehta Ka Ooltah Chashmah
491,Sanam Teri Kasam
492,The Hungry
493,Rahasya
494,Kyaa Kool Hain Hum 3
495,India's Most Wanted
496,Kaththi
497,Baar Baar Dekho
498,Aamis
499,Khosla Ka Ghosla!
500,Maharshi
501,Khaali Peeli
502,Selection Day
503,Wake Up Sid
504,Dhoom
505,Bhool Bhulaiyaa
506,Laxmmi Bomb
507,Jigarthanda
508,Great Grand Masti
509,Chekka Chivantha Vaanam
510,Awe!
511,Shamshera
512,Dhuruvangal Pathinaaru
513,Kai po che!
514,Premam
515,Motichoor Chaknachoor
516,Sindhubaadh
517,Chhapaak
518,Brochevarevarura
519,Rehnaa Hai Terre Dil Mein
520,Gulaal
521,Maqbool
522,What the Folks
523,Enthiran
524,Jaane Tu... Ya Jaane Na
525,The Kapil Sharma Show
526,Sarabhai vs Sarabhai
527,Dostana
528,Befikre
529,Jism 2
530,Naagin
531,Parineeta
532,Satte Pe Satta
533,Setters
534,Love Aaj Kal
535,U-Turn
536,Madhubala - Ek Ishq Ek Junoon
537,Sharma ji ki lag gayi
538,Mastizaade
539,Manikarnika: The Queen of Jhansi
540,M.S. Dhoni: The Untold Story
541,Mera Naam Joker
542,Dil Bechara
543,Gamak Ghar
544,Madaari
545,Grand Masti
546,102 Not Out
547,Thuppakki
548,Unda
549,Anjaana Anjaani
550,Toilet - Ek Prem Katha
551,Babumoshai Bandookbaaz
552,Soodhu Kavvum
553,Horror Story
554,Kabhi Alvida Naa Kehna
555,Lootcase
556,Main Hoon Na
557,Loev
558,Munna Michael
559,Mahanati
560,Shivaay
561,Raajneeti
562,Yamla Pagla Deewana Phir Se...
563,2 States
564,Chehre
565,Operation Khukri
566,Soorma
567,TVF Bachelors
568,Bharaate
569,Batti Gul Meter Chalu
570,Kaminey
571,Engineering Girls
572,Sir
573,Seven
574,"Do Paise Ki Dhoop, Chaar Aane Ki Baarish"
575,Beyond the Clouds
576,Udaan
577,Jo Jeeta Wohi Sikandar
578,Kamini
579,Action Jackson
580,Table No.21
581,Boom
582,Namaste England
583,Thanneer Mathan Dhinangal
584,NH10
585,Ship of Theseus
586,Kaalakaandi
587,Kaho Naa... Pyaar Hai
588,Hey Ram
589,Vicky Donor
590,Angrezi Medium
591,Ek Tha Tiger
592,Blackmail
593,The True Cost
594,1 - Nenokkadine
595,Black
596,Kolaigaran
597,Maaya 2
598,Badrinath Ki Dulhania
599,Stories by Rabindranath Tagore
600,Madras Cafe
601,Mujhse Shaadi Karogi
602,Norm of the North: King Sized Adventure
603,Theeran Adhigaaram Ondru
604,Singh Is Bliing
605,Bombay Rose
606,No Smoking
607,Notebook
608,Gantumoote
609,Gunday
610,Sadak 2
611,Andaz Apna Apna
612,The Accidental Prime Minister
613,No Entry
614,Billu
615,Daaka
616,Bhoot: Part One - The Haunted Ship
617,Aitraaz
618,Kahaani Ghar Ghar Kii
619,Veere Di Wedding
620,Fanaa
621,Laal Rang
622,13B: Fear Has a New Address
623,Loveyatri
624,I Think I Love My Wife
625,The Zoya Factor
626,Radhe
627,Calendar Girls
628,Aashiqui 2
629,Aligarh
630,Hisss
631,Padosan
632,Why Cheat India
633,Psycho
634,Agneepath
635,Madhura Raja
636,Raaz
637,Koi... Mil Gaya
638,Kick
639,Jessie
640,Gabbar is Back
641,It's Entertainment
642,Aadukalam
643,Khatta Meetha
644,Skulls and Roses
645,Rakshasudu
646,PM Narendra Modi
647,Fitoor
648,City Lights
649,72 Hours: Martyr Who Never Died
650,Phantom
651,Tees Maar Khan
652,Commando 2
653,Golmaal 5
654,Garam Masala
655,Fanney Khan
656,Margarita with a Straw
657,Single X
658,Commando
659,Rangbaaz
660,Guest iin London
661,Humshakals
662,I
663,Fukrey
664,Fashion
665,Pelli Choopulu
666,Omkara
667,Murder 2
668,Gullak
669,Gulabo Sitabo
670,Golmaal: Fun Unlimited
671,Airaa
672,Mitin Mashi
673,RDX Love
674,Desi Boyz
675,Bewakoofiyaan
676,Devon Ke Dev... Mahadev
677,Happy Phirr Bhag Jayegi
678,Chef
679,Mahabharat
680,Powder
681,Apur Sansar
682,Blank
683,Hamid
684,Tridev
685,Ragini MMS
686,Ankhon Dekhi
687,Aparajito
688,Tigers
689,Luca
690,1920
691,Mayanagari - City of Dreams
692,Albert Pinto Ko Gussa Kyun Aata Hai?
693,Chandni Chowk to China
694,Singham
695,Gunwali Dulhaniya
696,Force 2
697,Gadar: Ek Prem Katha
698,Bank Chor
699,Athiran
700,Under World
701,Satyamev Jayate
702,Omerta
703,Meri Pyaari Bindu
704,Kaisi Yeh Yaariyan
705,Posham Pa
706,Satellite Shankar
707,Asoka
708,The Test Case
709,Solo
710,Aruvi
711,Saawariya
712,Maatr
713,Rajma Chawal
714,I Am Kalam
715,Parched
716,The Past
717,Ramayana: The Legend of Prince Rama
718,Golmaal Again
719,Laila Majnu
720,Dil To Pagal Hai
721,Phir Hera Pheri
722,JULIET's X-TAPE
723,100
724,Chimera Strain
725,Rangoon
726,Fuh se Fantasy
727,Petromax
728,Paheli
729,Heyy Babyy
730,Thittam Poattu Thirudura Kootam
731,Charitraheen
732,Varathan
733,NGK
734,Aviyal
735,C/o Kancharapalem
736,Ambili
737,#Yaaram
738,Daawat-e-Ishq
739,MTV Splitsvilla
740,The Mistress of Spices
741,706
742,Kahaani 2
743,Tere Naam
744,C.I.D.
745,Paap
746,Sui Dhaaga: Made in India
747,Yeh Rishta Kya Kehlata Hai
748,Ramprasad Ki Tehrvi
749,Gurkha
750,Bombay Velvet
751,Take Off
752,Trip to Bhangarh: Asia's Most Haunted Place
753,Aravindha Sametha Veera Raghava
754,Hawaizaada
755,Shaitan
756,Legends of Oz: Dorothy's Return
757,Kammatti Paadam
758,Yuva
759,Manoharam
760,Kaamyaab
761,Welcome to New York
762,The Suite Life of Karan & Kabir
763,Gali Guleiyan
764,Bunnicula
765,Earth
766,Khoobsurat
767,Players
768,Khamoshi
769,Cargo
770,Bombay Talkies
771,Gurgaon
772,Seemathurai
773,D-Day
774,Daddy
775,Parinda
776,Saare Jahaan Se Achcha
777,The Attacks of 26/11
778,Ghulam
779,Dhobi Ghat
780,Bang Bang Reloaded
781,Saak
782,Mikhael
783,Tara Mira
784,Holiday 2: Bakshi Is Back
785,7 Khoon Maaf
786,Thackeray
787,Prem Ratan Dhan Payo
788,Devadas
789,Karan Arjun
790,Vikrithi
791,Oye Lucky! Lucky Oye!
792,Raatchasi
793,Karthik Calling Karthik
794,Welcome to Karachi
795,Humpty Sharma Ki Dulhania
796,Mubarakan
797,Ishq
798,Mujhse Dosti Karoge!
799,Detective Byomkesh Bakshy!
800,Charulata
801,Namastey London
802,Booo: Sabki Phategi
803,The Ghazi Attack
804,Vinci Da
805,Joseph
806,Arzoo
807,Pari
808,Lipstick Under My Burkha
809,Bhaiaji Superhit
810,Maayavan
811,Madly
812,Humorously Yours
813,Bhuj: The Pride of India
814,Roy
815,Gandu
816,Ugramm
817,Himmatwala
818,1921
819,Garbage
820,Josh
821,Katti Batti
822,Rowdy Rathore
823,Sangharsh
824,Bhoot
825,Bhagam Bhag
826,Helicopter Eela
827,X: Past Is Present
828,Sold
829,Kesariya Balam Aavo Hamare Des
830,Love Action Drama
831,Norm of the North: Keys to the Kingdom
832,Mardaani 2
833,Haseena Parkar
834,Raanjhanaa
835,The Last Color
836,Dostana 2
837,Kurbaan
838,Mismatch
839,Mahabharata: Part 1
840,Satyameva Jayate 2
841,Miral
842,Anjaam
843,The Departed Remake
844,Genius
845,Rosgulla
846,Neevevaro
847,Triple Seat
848,Luck by Chance
849,Mirchi
850,5 Weddings
851,Soni
852,Shuddh Desi Romance
853,Baazigar
854,Hatim
855,Sarbjit
856,Rx 100
857,Court
858,Mind The Malhotras
859,Akira
860,Attack
861,Yaadein...
862,Miss Teacher
863,Gol Maal
864,Hyper
865,Blue
866,Raja Hindustani
867,And the Oskar Goes To..
868,Main Tera Hero
869,Majili
870,Baadshaho
871,Redrum
872,The Ashram
873,Kalippu
874,Brothers
875,No One Killed Jessica
876,Guru
877,Best of Luck Nikki
878,Kasautii Zindagii Kay
879,Thank You
880,Abhay
881,Phobia
882,Hum Aapke Hain Koun...!
883,Chitralahari
884,Darr
885,Mauli
886,Sairat
887,Kambakkht Ishq
888,Ardaas Karaan
889,Aamir
890,Rocky
891,BOSS: Baap of Special Services
892,Shadaa
893,Toofan
894,Solar Eclipse: Depth of Darkness
895,Nanban
896,Milan Talkies
897,Magadheera
898,Hamari Adhuri Kahani
899,Bharat Ane Nenu
900,Angry Indian Goddesses
901,The Other End of the Line
902,Parchhayee: Ghost Stories by Ruskin Bond
903,Jiivi
904,Hate Story
905,Kaante
906,Monster Island
907,Imaikkaa Nodigal
908,Ghajini
909,Aadhaar
910,Cheelzadap
911,Adhyaksha In America
912,Ponniyin Selvan
913,Maidaan
914,A Death in the Gunj
915,Ludo
916,#MeToo
917,Kaakkaa Muttai
918,Mr. India
919,Marne Bhi Do Yaaron
920,Life in a Metro
921,Kehne Ko Humsafar Hain
922,Thani Oruvan
923,Thevar Magan
924,Anjaan: Special Crimes Unit
925,Thinkistan
926,Ajnabee
927,Double Barrel
928,Jannat: In Search of Heaven...
929,Masti
930,That Girl in Yellow Boots
931,Spyder
932,Vodka Diaries
933,Badnaam Gali
934,Chittagong
935,Eega
936,K-13
937,Nautanki Saala!
938,Company
939,Gone Kesh
940,Run Raja Run
941,Shubh Mangal Zyada Saavdhan
942,Lootera
943,Once Upon a Time in Mumbaai
944,Koffee with Karan
945,Lucknow Central
946,Ondu Motteya Kathe
947,Hate Story 3
948,Mira
949,Sarfarosh
950,Holiday
951,Rock On!!
952,Savyasachi
953,Bhoothnath Returns
954,Teen Patti
955,Ulidavaru Kandanthe
956,Sadak
957,The Black Prince
958,Hum Dil De Chuke Sanam
959,Kurukshetra
960,Silence
961,Chillar Party
962,Hero
963,Turram Khan
964,Antariksham 9000 kmph
965,Chalte Chalte
966,A Scandall
967,Koochie Koochie Hota Hai
968,Geher
969,Haunted - 3D
970,Kitani Mohabbat Hai
971,Premam
972,Mugamoodi
973,Ninnu Thalachi
974,Ready
975,Climax
976,Iss Pyaar Ko Kya Naam Doon 3
977,Jayeshbhai Jordaar
978,Fever
979,Socha Na Tha
980,Mere Pyare Prime Minister
981,Chachi 420
982,1st Rank Raju (Telugu)
983,Zindagi tumse
984,Jamai 2.0
985,Tanu Weds Manu Returns
986,Natsamrat
987,Zanjeer
988,Action Replayy
989,Chaal Jeevi Laiye
990,Hasee Toh Phasee
991,Eklavya
992,Before the Rains
993,Bairavaa
994,Once Again
995,Shut up Sona
996,Sandeep Aur Pinky Faraar
997,Dev DD
998,Agent Vinod
999,Mohra

